2,するめいか(大・胴),１ぱい分
2,きゅうり,２本
2,サラダ油,大さじ１
2,すりごま(白),大さじ１
2,酢,大さじ１
2,キッコーマンいつでも新鮮しぼりたて生しょうゆ,大さじ1/2
2,マンジョウ米麹こだわり仕込み本みりん,大さじ１
2,ごま油,小さじ１
4,玉ねぎ,１個
4,デルモンテ・完熟ホールトマト（400g缶）,1/2缶
4,しょうが,１片
4,にんにく,１片
4,牛ひき肉,１００ｇ
4,サラダ油,大さじ２
4,キッコーマン特選丸大豆しょうゆ,小さじ２
4,カレー粉,小さじ１
4,塩,少々
5,うどん(冷凍),２玉
5,モロヘイヤ,1/2パック
5,長芋,３ｃｍ
5,納豆(小粒),１パック
5,もずく(味付け),１パック
5,温泉卵,２個
5,青じそ(せん切り),５枚分
5,みょうが(せん切り),１個分
5,キッコーマン濃いだし本つゆ,大さじ１と1/2
5,水,1/2カップ
6,豚もも肉(薄切り),２００ｇ
6,パプリカ(黄),1/2個
6,玉ねぎ,1/2個
6,ブロッコリー,1/3株
6,にんにく(薄切り),1/2片分
6,デルモンテ・完熟カットトマト（388ｇ紙パック）,1/2パック
6,デルモンテ・エキストラバージンオリーブオイル,大さじ１
6,バジル(乾燥),適宜
6,塩,少々
6,こしょう,少々
11,牛肉(切り落とし),１５０ｇ
11,たけのこ(水煮),７０ｇ
11,ねぎ,1/2本
11,キャベツ,１枚
11,ごま油,大さじ１と1/2
11,キッコーマン特選丸大豆しょうゆ,大さじ1/2
11,マンジョウ国産米こだわり仕込み料理の清酒,小さじ２
11,片栗粉,小さじ1/2
11,マンジョウ国産米こだわり仕込み料理の清酒,大さじ２
11,キッコーマン特選丸大豆しょうゆ,大さじ1/2
11,キッコーマンオイスターソース,小さじ２
11,砂糖,大さじ1/2
13,きゅうり,１本
13,塩,少々
13,豚ロース肉(薄切り),１５０ｇ
13,マンジョウ国産米こだわり仕込み料理の清酒,大さじ１
13,キッコーマンしぼりたて生ぽんず,大さじ２と1/2
13,キッコーマン豆板醤（トウバンジャン）,少々
13,練りごま(白),大さじ１
13,しょうが(みじん切り),１片分
13,ねぎ(みじん切り),５ｃｍ分
15,ビーフン,１００ｇ
15,牛ひき肉,１５０ｇ
15,にんじん,４ｃｍ
15,生しいたけ,４枚
15,玉ねぎ,1/2個
15,にら,1/2束
15,ごま油,大さじ３
15,パクチー,適宜
15,キッコーマン特選丸大豆しょうゆ,大さじ１と1/2
15,甜麺醤(テンメンジャン),大さじ１
15,鶏ガラスープ,２カップ
15,こしょう,少々
16,ごぼう,１００ｇ
16,牛肉(薄切り),９０ｇ
16,小麦粉,少々
16,サラダ油,大さじ1/2
16,キッコーマン特選丸大豆しょうゆ,大さじ１と1/3
16,マンジョウ米麹こだわり仕込み本みりん,大さじ１
16,マンジョウ国産米こだわり仕込み料理の清酒,大さじ１
16,砂糖,小さじ１
18,厚揚げ,1/2丁
18,にがうり(ゴーヤ),２００ｇ
18,サラダ油,大さじ１
18,塩,少々
18,しょうが(みじん切り),５ｇ
18,豚ひき肉,１５０ｇ
18,片栗粉(水溶き),小さじ２
18,鶏ガラスープ,１カップ
18,キッコーマン特選丸大豆しょうゆ,大さじ１と1/2
18,砂糖,小さじ１
19,あじ(３枚におろしたもの),４尾
19,ねぎ,1/2本
19,しょうが,１片
19,赤唐辛子,１本
19,オクラ,１袋
19,レモン(半月切り),1/2個
19,揚げ油,適量
19,小麦粉,適量
19,塩,少々
19,キッコーマン特選丸大豆しょうゆ,大さじ１と1/2
19,マンジョウ国産米こだわり仕込み料理の清酒,大さじ１
19,ごま油,大さじ１
20,米,２合
20,鶏むね肉,1/2枚
20,ごぼう,５０ｇ
20,にんじん,1/4本
20,ひじき(乾),２０ｇ
20,ごま油,大さじ１
20,青のり,適宜
20,キッコーマン特選丸大豆しょうゆ,大さじ１と1/2
20,マンジョウ濃厚熟成本みりん,大さじ１
21,豚ロース肉(ソテー用・４枚),４００ｇ
21,もやし,１袋
21,しめじ,１パック
21,にんじん,1/3本
21,サラダ油,大さじ２
21,キッコーマン特選丸大豆しょうゆ,大さじ１
21,キッコーマン特選丸大豆しょうゆ,大さじ１
21,塩,少々
21,こしょう,少々
21,マンジョウ国産米こだわり仕込み料理の清酒,大さじ１と1/2
21,マンジョウ濃厚熟成本みりん,大さじ１と1/2
25,鶏ひき肉,２００ｇ
25,にんじん,３０ｇ
25,玉ねぎ,1/4個
25,ねぎ,1/4本
25,大根(すりおろし),１５０ｇ
25,しょうが(すりおろし),適量
25,小麦粉,適量
25,ごま油,大さじ１
25,マンジョウ国産米こだわり仕込み料理の清酒,大さじ１
25,キッコーマン特選丸大豆しょうゆ,小さじ1/3
25,サニーレタス,適量
25,卵,1/2個
25,パン粉,1/4カップ
25,キッコーマン特選丸大豆しょうゆ,小さじ２
25,こしょう,少々
28,牛肉(焼き肉用),１００ｇ
28,ピーマン,３個
28,ねぎ,５ｃｍ
28,にんにく,1/2片
28,赤唐辛子,１本
28,サラダ油,大さじ２
28,甜麺醤(テンメンジャン),大さじ１と1/2
28,マンジョウ米麹こだわり仕込み本みりん,大さじ1/2
28,マンジョウ国産米こだわり仕込み料理の清酒,大さじ1/2
28,キッコーマン特選丸大豆しょうゆ,小さじ１
28,みそ,大さじ1/2
29,鶏もも肉,２００ｇ
29,玉ねぎ,１個
29,にんじん,1/2本
29,セロリ,1/2本
29,キャベツ,1/6個
29,パセリ,少々
29,塩,少々
29,こしょう,少々
29,デルモンテ・エキストラバージンオリーブオイル,大さじ１
29,マンズワイン（白）,1/2カップ
29,デルモンテ・完熟カットトマト（388ｇ紙パック）,1/2パック
29,洋風スープの素(固形),1/2個
29,ローリエ,１枚
29,キッコーマン特選丸大豆しょうゆ,小さじ１
30,いか(胴),２はい
30,玉ねぎ,1/2個
30,トマト,１個
30,セロリ(小),１本
30,バジル(フレッシュ),８枚
30,パセリ,少々
30,赤唐辛子,１本
30,キッコーマンいつでも新鮮しぼりたてうすくち生しょうゆ,大さじ１
30,デルモンテ・エキストラバージンオリーブオイル,1/2カップ
30,マンズワイン（白）,大さじ２
30,レモン(絞り汁),1/2個分
30,酢,大さじ４
30,塩,少々
30,こしょう,少々
32,豚ヒレ肉,２００ｇ
32,卵,１個
32,パセリ(みじん切り),少々
32,タイム(パウダー),少々
32,粉チーズ,大さじ１
32,サラダ油,大さじ１と1/2
32,にんじん,５０ｇ
32,ベビーリーフ,５０ｇ
32,キッコーマンしぼりたて生ぽんず,大さじ１
32,デルモンテ・完熟カットトマト（388ｇ紙パック）,1/2カップ
32,デルモンテ・エキストラバージンオリーブオイル,大さじ１
32,キッコーマン特選丸大豆しょうゆ,小さじ１
32,玉ねぎ(みじん切り),1/8個分
32,こしょう,少々
32,塩,少々
32,こしょう,少々
32,小麦粉,少々
34,そうめん,１５０ｇ
34,帆立貝柱(刺し身用),２個
34,長芋,２００ｇ
34,梅干し,１個
34,オクラ,２個
34,青じそ(細切り),少々
34,キッコーマン調製豆乳,１カップ
34,キッコーマンいつでも新鮮しぼりたて生しょうゆ,小さじ２
35,豚肉(薄切り),１００ｇ
35,なす,３個
35,しょうが(すりおろし),1/2片分
35,キッコーマンしぼりたて生ぽんず,大さじ２
36,めかじき(切り身),２切れ
36,塩,少々
36,黒こしょう,少々
36,小麦粉,適量
36,デルモンテ・エキストラバージンオリーブオイル,大さじ１
36,ベビーリーフ,1/2パック
36,レタス,２枚
36,トマト(１ｃｍ角に切ったもの),１個分
36,玉ねぎ(みじん切り),1/8個分
36,キッコーマンしぼりたて生ぽんず,大さじ２
38,鶏もも肉,２００ｇ
38,里芋,２００ｇ
38,にんじん,８０ｇ
38,さやいんげん,２本
38,にんにく(つぶす),1/2片
38,サラダ油,大さじ1/2
38,砂糖,大さじ１
38,キッコーマン特選丸大豆しょうゆ,大さじ１と1/2
38,キッコーマンオイスターソース,大さじ1/2
40,豚肩ロース肉(かたまり),２００ｇ
40,卵,１個
40,キャベツ,４枚
40,揚げ油,適量
40,にんにく(すりおろし),1/2片分
40,しょうが(しぼり汁),1/2片分
40,マンジョウ国産米こだわり仕込み料理の清酒,大さじ1/2
40,キッコーマン特選丸大豆しょうゆ,小さじ１
40,こしょう,少々
40,小麦粉,大さじ２
40,片栗粉,大さじ１
40,キッコーマン特選丸大豆しょうゆ,大さじ１
40,レモン,1/3個
40,砂糖,小さじ１
41,キャベツ,５０ｇ
41,油揚げ(２枚),４０ｇ
41,片栗粉,少々
41,キッコーマンしぼりたて生ぽんず,大さじ１
41,豚ひき肉,８０ｇ
41,玉ねぎ(みじん切り),大さじ３
41,にんじん(みじん切り),大さじ１
41,キッコーマン特選丸大豆しょうゆ,小さじ１
41,マンジョウ国産米こだわり仕込み料理の清酒,小さじ１
41,片栗粉,小さじ１
42,なす,３本
42,サラダ油,大さじ1/2
42,ピザ用チーズ,大さじ３
42,ねぎ,適宜
42,片栗粉,大さじ1/2
42,ねぎ(みじん切り),２．５ｃｍ
42,木綿豆腐(２ｃｍ角に切る),３００ｇ
42,ごま油,大さじ1/2
42,豚ひき肉,１５０ｇ
42,にんにく(みじん切り),１片分
42,しょうが(みじん切り),１片分
42,赤唐辛子(輪切り),１本分
42,キッコーマン特選丸大豆しょうゆ,大さじ２
42,マンジョウ米麹こだわり仕込み本みりん,大さじ２
42,マンジョウ国産米こだわり仕込み料理の清酒,大さじ２
42,かつおだし,１カップ
45,鶏もも肉(1枚),２８０ｇ
45,なす,２本
45,さやいんげん,６本
45,梅酒,大さじ４
45,キッコーマン特選丸大豆しょうゆ,大さじ１と1/2
45,サラダ油,大さじ1/2
46,カレー,３００ｇ
46,デルモンテ・完熟カットトマト（388ｇ紙パック）,1/2パック
46,ご飯(温かいもの),２杯分
46,卵,２個
46,ピザ用チーズ,５０ｇ
47,あじ,３尾
47,谷中しょうが,1/2束
47,しょうが,1/2片
47,ねぎ,５ｃｍ
47,青ねぎ,１本
47,塩,小さじ2/3
47,キッコーマン特選丸大豆しょうゆ,大さじ1/2
47,片栗粉,適量
47,サラダ油,適量
47,酢,大さじ２と1/2
47,砂糖,小さじ２
48,鶏むね肉,１００ｇ
48,パプリカ(赤),1/2個
48,パプリカ(黄),1/2個
48,デルモンテ・エキストラバージンオリーブオイル,大さじ1/2
48,塩,少々
48,こしょう,少々
48,マンジョウ国産米こだわり仕込み料理の清酒,大さじ1/2
48,片栗粉,小さじ1/2
48,鶏ガラスープ,1/4カップ
48,キッコーマンいつでも新鮮しぼりたて生しょうゆ,小さじ1/4
48,こしょう,少々
48,片栗粉,小さじ1/2
